{
  "lambda_tier1": [
    0.0,
    0.005,
    0.01,
    0.015,
    0.02,
    0.025,
    0.03,
    0.035,
    0.04,
    0.045,
    0.05,
    0.055,
    0.06,
    0.065,
    0.07,
    0.075,
    0.08,
    0.085,
    0.09,
    0.095,
    0.1,
    0.105,
    0.11,
    0.115,
    0.12,
    0.125,
    0.13,
    0.135,
    0.14,
    0.145,
    0.15,
    0.155,
    0.16,
    0.165,
    0.17,
    0.17500000000000002,
    0.18,
    0.185,
    0.19,
    0.195,
    0.2,
    0.20500000000000002,
    0.21,
    0.215,
    0.22,
    0.225,
    0.23,
    0.23500000000000001,
    0.24,
    0.245,
    0.25,
    0.255,
    0.26,
    0.265,
    0.27,
    0.275,
    0.28,
    0.28500000000000003,
    0.29,
    0.295,
    0.3,
    0.305,
    0.31,
    0.315,
    0.32,
    0.325,
    0.33,
    0.335,
    0.34,
    0.34500000000000003,
    0.35000000000000003,
    0.355,
    0.36,
    0.365,
    0.37,
    0.375,
    0.38,
    0.385,
    0.39,
    0.395,
    0.4,
    0.405,
    0.41000000000000003,
    0.41500000000000004,
    0.42,
    0.425,
    0.43,
    0.435,
    0.44,
    0.445,
    0.45,
    0.455,
    0.46,
    0.465,
    0.47000000000000003,
    0.47500000000000003,
    0.48,
    0.485,
    0.49,
    0.495,
    0.5,
    0.505,
    0.51,
    0.515,
    0.52,
    0.525,
    0.53,
    0.535,
    0.54,
    0.545,
    0.55,
    0.555,
    0.56,
    0.5650000000000001,
    0.5700000000000001,
    0.5750000000000001,
    0.58,
    0.585,
    0.59,
    0.595,
    0.6
  ],
  "tbill_share_pct": [
    100.0,
    99.5,
    99.0,
    98.5,
    98.0,
    97.5,
    97.0,
    96.5,
    96.0,
    95.5,
    95.0,
    94.5,
    94.0,
    93.5,
    93.0,
    92.5,
    92.0,
    91.5,
    91.0,
    90.5,
    90.0,
    89.5,
    89.0,
    88.5,
    88.0,
    87.5,
    87.0,
    86.5,
    86.0,
    85.5,
    85.0,
    84.5,
    84.0,
    83.5,
    83.0,
    82.5,
    82.0,
    81.5,
    81.0,
    80.5,
    80.0,
    79.5,
    79.0,
    78.5,
    78.0,
    77.5,
    77.0,
    76.5,
    76.0,
    75.5,
    75.0,
    74.5,
    74.0,
    73.5,
    73.0,
    72.5,
    72.0,
    71.5,
    71.0,
    70.5,
    70.0,
    69.5,
    69.0,
    68.5,
    68.0,
    67.5,
    67.0,
    66.5,
    65.99999999999999,
    65.5,
    64.99999999999999,
    64.5,
    64.0,
    63.5,
    63.0,
    62.5,
    62.0,
    61.5,
    61.0,
    60.5,
    60.0,
    59.5,
    59.0,
    58.5,
    58.00000000000001,
    57.49999999999999,
    57.00000000000001,
    56.49999999999999,
    56.00000000000001,
    55.49999999999999,
    55.00000000000001,
    54.49999999999999,
    54.0,
    53.49999999999999,
    53.0,
    52.49999999999999,
    52.0,
    51.5,
    51.0,
    50.5,
    50.0,
    49.5,
    49.0,
    48.5,
    48.0,
    47.5,
    47.0,
    46.5,
    46.0,
    45.49999999999999,
    44.99999999999999,
    44.49999999999999,
    43.99999999999999,
    43.49999999999999,
    42.99999999999999,
    42.49999999999999,
    42.00000000000001,
    41.5,
    41.0,
    40.5,
    40.0
  ],
  "n_star_pct": [
    100.0,
    100.0,
    100.0,
    100.0,
    100.0,
    100.0,
    100.0,
    100.0,
    100.0,
    100.0,
    100.0,
    100.0,
    100.0,
    100.0,
    100.0,
    100.0,
    100.0,
    100.0,
    100.0,
    100.0,
    100.0,
    100.0,
    100.0,
    0.0,
    0.0,
    0.0,
    0.0,
    0.0,
    0.0,
    0.0,
    0.0,
    0.0,
    0.0,
    0.0,
    0.0,
    0.0,
    0.0,
    0.0,
    0.0,
    0.0,
    0.0,
    0.0,
    0.0,
    0.0,
    0.0,
    0.0,
    0.0,
    0.0,
    0.0,
    0.0,
    0.0,
    0.0,
    0.0,
    0.0,
    0.0,
    0.0,
    0.0,
    0.0,
    0.0,
    0.0,
    0.0,
    0.0,
    0.0,
    0.0,
    0.0,
    0.0,
    0.0,
    0.0,
    0.0,
    0.0,
    0.0,
    0.0,
    0.0,
    0.0,
    0.0,
    0.0,
    0.0,
    0.0,
    0.0,
    0.0,
    0.0,
    0.0,
    0.0,
    0.0,
    0.0,
    0.0,
    0.0,
    0.0,
    0.0,
    0.0,
    0.0,
    0.0,
    0.0,
    0.0,
    0.0,
    0.0,
    0.0,
    0.0,
    0.0,
    0.0,
    0.0,
    0.0,
    0.0,
    0.0,
    0.0,
    0.0,
    0.0,
    0.0,
    0.0,
    0.0,
    0.0,
    0.0,
    0.0,
    0.0,
    0.0,
    0.0,
    0.0,
    0.0,
    0.0,
    0.0,
    0.0
  ],
  "lambda_cutoff": 0.115,
  "parameters": {
    "pi": 0.115,
    "kappa": 0.1
  }
}