{
  "baseline": {
    "total_supply": 1000.0,
    "total_reserves": 1000.0,
    "reserve_ratio_pct": 100.0,
    "run_cutoff_bps": 3750.0,
    "fire_sale_impact_bps": 91.66666666666656,
    "lcr_pct": 23.636363636363637,
    "hqla": 780.0,
    "run_probability_pct": 0.0024751450377502593,
    "expected_loss": 2.550224437228684e-05,
    "critical_redemption_rate_pct": 99.951171875,
    "reserve_composition": {
      "T-bills": {
        "amount": 600.0,
        "share_pct": 60.0,
        "yield_pct": 4.65,
        "haircut_bps": 2
      },
      "Bank Deposits": {
        "amount": 200.0,
        "share_pct": 20.0,
        "yield_pct": 3.5000000000000004,
        "haircut_bps": 500
      },
      "Repo": {
        "amount": 100.0,
        "share_pct": 10.0,
        "yield_pct": 4.8,
        "haircut_bps": 10
      },
      "Money Market Funds": {
        "amount": 100.0,
        "share_pct": 10.0,
        "yield_pct": 4.42,
        "haircut_bps": 10
      }
    }
  },
  "reserve_mix": {
    "tbill_share_pct": [
      20.0,
      24.210526315789473,
      28.421052631578945,
      32.631578947368425,
      36.8421052631579,
      41.05263157894737,
      45.26315789473684,
      49.473684210526315,
      53.68421052631579,
      57.89473684210527,
      62.10526315789473,
      66.31578947368422,
      70.52631578947368,
      74.73684210526316,
      78.94736842105263,
      83.1578947368421,
      87.36842105263159,
      91.57894736842105,
      95.78947368421053,
      100.0
    ],
    "run_cutoff_bps": [
      1666.6666666666663,
      1949.1525423728817,
      2213.1147540983598,
      2460.3174603174602,
      2692.3076923076915,
      2910.4477611940306,
      3115.9420289855066,
      3309.8591549295775,
      3493.1506849315074,
      3666.666666666666,
      3831.1688311688317,
      3987.3417721519,
      4135.802469135802,
      4277.108433734939,
      4411.764705882353,
      4540.229885057471,
      4662.921348314607,
      4780.21978021978,
      4892.47311827957,
      5000.0
    ],
    "fire_sale_impact_bps": [
      274.9999999999997,
      227.173913043478,
      193.51851851851842,
      168.54838709677412,
      149.28571428571402,
      133.97435897435918,
      121.51162790697722,
      111.17021276595752,
      102.45098039215694,
      94.99999999999953,
      88.55932203389871,
      82.93650793650743,
      77.98507462686621,
      73.59154929577505,
      69.66666666666677,
      66.1392405063288,
      62.95180722891591,
      60.05747126436756,
      57.41758241758266,
      54.999999999999496
    ],
    "lcr_ratio_pct": [
      20.606060606060606,
      21.116427432216906,
      21.626794258373202,
      22.13716108452951,
      22.647527910685806,
      23.157894736842106,
      23.668261562998403,
      24.178628389154703,
      24.688995215311003,
      25.199362041467303,
      25.7097288676236,
      26.220095693779903,
      26.730462519936204,
      27.240829346092504,
      27.751196172248804,
      28.261562998405097,
      28.771929824561404,
      29.282296650717704,
      29.792663476874004,
      30.303030303030305
    ],
    "run_probability_pct": [
      0.8888707257413919,
      0.4017635838061695,
      0.19082972607592508,
      0.09493069195026238,
      0.049275967067285986,
      0.02659358711484816,
      0.014873212376875777,
      0.008594685967555638,
      0.005117940623511341,
      0.0031330114824423827,
      0.001967421788884316,
      0.0012649178656398696,
      0.0008311884513501067,
      0.0005573456817731248,
      0.0003808181534448174,
      0.00026479838801107825,
      0.00018715659076962154,
      0.00013431343183212263,
      9.777570111890732e-05,
      7.213536323269487e-05
    ],
    "optimal": {
      "tbill_share_pct": 100.0,
      "run_cutoff_bps": 5000.0,
      "run_probability_pct": 7.213536323269487e-05
    },
    "sensitivity_metrics": {
      "min_run_cutoff": 1666.6666666666663,
      "max_run_cutoff": 5000.0,
      "cutoff_range": 3333.333333333334
    }
  },
  "lcr_floors": {
    "lcr_floor_pct": [
      80.0,
      100.0,
      150.0,
      200.0,
      250.0,
      300.0
    ],
    "actual_lcr_pct": [
      23.636363636363637,
      23.636363636363637,
      23.636363636363637,
      23.636363636363637,
      23.636363636363637,
      23.636363636363637
    ],
    "run_probability_pct": [
      0.0024751450377502593,
      0.0024751450377502593,
      0.0024751450377502593,
      0.0024751450377502593,
      0.0024751450377502593,
      0.0024751450377502593
    ],
    "max_sunspot_prob_pct": [
      6.126646412418779e-08,
      6.126646412418779e-08,
      6.126646412418779e-08,
      6.126646412418779e-08,
      6.126646412418779e-08,
      6.126646412418779e-08
    ],
    "hqla": [
      780.0,
      780.0,
      780.0,
      780.0,
      780.0,
      780.0
    ],
    "min_lcr_for_safety": 80.0
  },
  "robust_fragility": {
    "backstop_size": [
      0.0,
      50.0,
      100.0,
      150.0,
      200.0,
      250.0,
      300.0,
      350.0,
      400.0,
      450.0,
      500.0
    ],
    "max_run_probability_pct": [
      6.126646412418779e-08,
      2.0986068438588745e-08,
      7.656131284505818e-09,
      2.958772116201658e-09,
      1.2054635067926256e-09,
      5.155542659451839e-10,
      2.305711177541525e-10,
      1.0746403766859203e-10,
      5.203615316418109e-11,
      2.610134330893743e-11,
      1.3533618670180658e-11
    ],
    "critical_threshold_pct": [
      99.951171875,
      99.951171875,
      99.951171875,
      99.951171875,
      99.951171875,
      99.951171875,
      99.951171875,
      99.951171875,
      99.951171875,
      99.951171875,
      99.951171875
    ],
    "expected_loss": [
      2.550224437228684e-05,
      1.4925777813689515e-05,
      9.01526770071696e-06,
      5.604427769053066e-06,
      3.5772782266641306e-06,
      2.3394472495152177e-06,
      1.5645194526079006e-06,
      1.0680933405072812e-06,
      7.432346925075328e-07,
      5.264108226974799e-07,
      3.7901553367212605e-07
    ],
    "min_backstop_for_safety": 0.0,
    "marginal_benefit_per_100m": 1.2250586101103522e-08
  },
  "policy": {
    "scenarios": {
      "Current Mix": {
        "expected_loss": 2.550224437228684e-05,
        "lcr_pct": 23.636363636363637,
        "peg_spread_pct": 0.9166666666666656,
        "run_probability": 0.0024751450377502593
      },
      "More T-bills": {
        "expected_loss": 1.0541483381747183e-06,
        "lcr_pct": 30.0,
        "peg_spread_pct": 0.6111111111111067,
        "run_probability": 0.00015184595140160795
      },
      "Add Gates": {
        "expected_loss": 6.511694070147974e-06,
        "lcr_pct": 47.27272727272727,
        "peg_spread_pct": 0.45833333333333837,
        "run_probability": 0.0024751450377502593
      },
      "Add PSM": {
        "expected_loss": 1.4925777813689515e-05,
        "lcr_pct": 23.636363636363637,
        "peg_spread_pct": 0.9166666666666656,
        "run_probability": 0.0014486358279219846
      },
      "LCR 150%": {
        "expected_loss": 2.550224437228684e-05,
        "lcr_pct": 23.636363636363637,
        "peg_spread_pct": 0.9166666666666656,
        "run_probability": 0.0024751450377502593
      },
      "LCR 200%": {
        "expected_loss": 2.550224437228684e-05,
        "lcr_pct": 23.636363636363637,
        "peg_spread_pct": 0.9166666666666656,
        "run_probability": 0.0024751450377502593
      }
    },
    "ranking": [
      "More T-bills",
      "Add Gates",
      "Add PSM",
      "Current Mix",
      "LCR 150%",
      "LCR 200%"
    ],
    "best_policy": "More T-bills",
    "worst_policy": "LCR 200%"
  },
  "onchain": {
    "summary": {
      "total_redeemed": 110.0,
      "redemption_pct": 11.0,
      "peak_gas_gwei": 132.3,
      "peak_discount_pct": 99.12917297842796,
      "total_latency": 12.0,
      "gas_spike_multiple": 4.41
    },
    "time_to_5pct_redemption": 60.0,
    "time_to_1pct_depeg": 12.0,
    "circuit_breaker_window": 60.0
  },