{
  "tbills": {
    "asset_varied": "tbills",
    "share_grid": [
      0.1,
      0.1368421052631579,
      0.1736842105263158,
      0.2105263157894737,
      0.2473684210526316,
      0.28421052631578947,
      0.32105263157894737,
      0.35789473684210527,
      0.39473684210526316,
      0.43157894736842106,
      0.46842105263157896,
      0.5052631578947369,
      0.5421052631578948,
      0.5789473684210527,
      0.6157894736842106,
      0.6526315789473685,
      0.6894736842105263,
      0.7263157894736842,
      0.7631578947368421,
      0.8
    ],
    "lambda_tier1": [
      0.7300000000000001,
      0.7005263157894737,
      0.6710526315789473,
      0.641578947368421,
      0.6121052631578947,
      0.5826315789473684,
      0.5531578947368421,
      0.5236842105263158,
      0.4942105263157894,
      0.46473684210526306,
      0.4352631578947368,
      0.4057894736842105,
      0.37631578947368416,
      0.34684210526315784,
      0.3173684210526315,
      0.2878947368421052,
      0.2584210526315789,
      0.2289473684210526,
      0.1994736842105263,
      0.16999999999999998
    ],
    "n_star": [
      0.0,
      0.0,
      0.0,
      0.0,
      0.0,
      0.0,
      0.0,
      0.0,
      0.0,
      0.0,
      0.0,
      0.0,
      0.0,
      0.0,
      0.0,
      0.0,
      0.0,
      0.0,
      0.0,
      0.0
    ],
    "depeg_bps": [
      0,
      0,
      0,
      0,
      0,
      0,
      0,
      0,
      0,
      0,
      0,
      0,
      0,
      0,
      0,
      0,
      0,
      0,
      0,
      0
    ],
    "expected_loss_pct": [
      0,
      0,
      0,
      0,
      0,
      0,
      0,
      0,
      0,
      0,
      0,
      0,
      0,
      0,
      0,
      0,
      0,
      0,
      0,
      0
    ],
    "portfolio_yield_bps": [
      447.75,
      449.2605263157895,
      450.7710526315789,
      452.2815789473685,
      453.79210526315785,
      455.3026315789474,
      456.8131578947368,
      458.32368421052627,
      459.83421052631587,
      461.34473684210525,
      462.85526315789474,
      464.36578947368423,
      465.8763157894737,
      467.38684210526316,
      468.89736842105265,
      470.40789473684214,
      471.91842105263163,
      473.428947368421,
      474.9394736842105,
      476.45000000000005
    ],
    "VaR_99_bps": [
      0.0,
      0.0,
      0.0,
      0.0,
      0.0,
      0.0,
      0.0,
      0.0,
      0.0,
      0.0,
      0.0,
      0.0,
      0.0,
      0.0,
      0.0,
      0.0,
      0.0,
      0.0,
      0.0,
      0.0
    ]
  },
  "mmf": {
    "asset_varied": "mmf",
    "share_grid": [
      0.05,
      0.0736842105263158,
      0.09736842105263158,
      0.12105263157894737,
      0.14473684210526316,
      0.16842105263157897,
      0.19210526315789472,
      0.21578947368421053,
      0.23947368421052634,
      0.2631578947368421,
      0.2868421052631579,
      0.3105263157894737,
      0.33421052631578946,
      0.35789473684210527,
      0.3815789473684211,
      0.4052631578947368,
      0.42894736842105263,
      0.45263157894736844,
      0.4763157894736842,
      0.5
    ],
    "lambda_tier1": [
      0.28,
      0.29894736842105263,
      0.3178947368421053,
      0.3368421052631579,
      0.35578947368421054,
      0.37473684210526315,
      0.39368421052631575,
      0.4126315789473684,
      0.43157894736842106,
      0.45052631578947366,
      0.46947368421052627,
      0.488421052631579,
      0.5073684210526316,
      0.5263157894736842,
      0.5452631578947369,
      0.5642105263157895,
      0.5831578947368421,
      0.6021052631578947,
      0.6210526315789473,
      0.64
    ],
    "n_star": [
      0.0,
      0.0,
      0.0,
      0.0,
      0.0,
      0.0,
      0.0,
      0.0,
      0.0,
      0.0,
      0.0,
      0.0,
      0.0,
      0.0,
      0.0,
      0.0,
      0.0,
      0.0,
      0.0,
      0.0
    ],
    "depeg_bps": [
      0,
      0,
      0,
      0,
      0,
      0,
      0,
      0,
      0,
      0,
      0,
      0,
      0,
      0,
      0,
      0,
      0,
      0,
      0,
      0
    ],
    "expected_loss_pct": [
      0,
      0,
      0,
      0,
      0,
      0,
      0,
      0,
      0,
      0,
      0,
      0,
      0,
      0,
      0,
      0,
      0,
      0,
      0,
      0
    ],
    "portfolio_yield_bps": [
      469.14,
      468.79421052631574,
      468.4484210526316,
      468.10263157894735,
      467.7568421052631,
      467.41105263157897,
      467.0652631578948,
      466.7194736842105,
      466.37368421052633,
      466.0278947368421,
      465.68210526315795,
      465.33631578947364,
      464.9905263157895,
      464.64473684210526,
      464.298947368421,
      463.9531578947368,
      463.6073684210527,
      463.26157894736843,
      462.9157894736843,
      462.57000000000005
    ],
    "VaR_99_bps": [
      0.0,
      0.0,
      0.0,
      0.0,
      0.0,
      0.0,
      0.0,
      0.0,
      0.0,
      0.0,
      0.0,
      0.0,
      0.0,
      0.0,
      0.0,
      0.0,
      0.0,
      0.0,
      0.0,
      0.0
    ]
  },
  "deposits": {
    "asset_varied": "deposits",
    "share_grid": [
      0.0,
      0.015789473684210527,
      0.031578947368421054,
      0.04736842105263158,
      0.06315789473684211,
      0.07894736842105263,
      0.09473684210526316,
      0.1105263157894737,
      0.12631578947368421,
      0.14210526315789473,
      0.15789473684210525,
      0.1736842105263158,
      0.18947368421052632,
      0.20526315789473684,
      0.2210526315789474,
      0.2368421052631579,
      0.25263157894736843,
      0.26842105263157895,
      0.28421052631578947,
      0.3
    ],
    "lambda_tier1": [
      0.525,
      0.5171052631578947,
      0.5092105263157894,
      0.5013157894736842,
      0.493421052631579,
      0.4855263157894737,
      0.4776315789473684,
      0.4697368421052631,
      0.46184210526315794,
      0.4539473684210526,
      0.4460526315789473,
      0.43815789473684214,
      0.43026315789473685,
      0.42236842105263156,
      0.4144736842105263,
      0.40657894736842104,
      0.39868421052631575,
      0.3907894736842106,
      0.3828947368421053,
      0.37499999999999994
    ],
    "n_star": [
      0.0,
      0.0,
      0.0,
      0.0,
      0.0,
      0.0,
      0.0,
      0.0,
      0.0,
      0.0,
      0.0,
      0.0,
      0.0,
      0.0,
      0.0,
      0.0,
      0.0,
      0.0,
      0.0,
      0.0
    ],
    "depeg_bps": [
      0,
      0,
      0,
      0,
      0,
      0,
      0,
      0,
      0,
      0,
      0,
      0,
      0,
      0,
      0,
      0,
      0,
      0,
      0,
      0
    ],
    "expected_loss_pct": [
      0,
      0,
      0,
      0,
      0,
      0,
      0,
      0,
      0,
      0,
      0,
      0,
      0,
      0,
      0,
      0,
      0,
      0,
      0,
      0
    ],
    "portfolio_yield_bps": [
      470.725,
      469.21710526315786,
      467.7092105263158,
      466.2013157894737,
      464.69342105263155,
      463.18552631578945,
      461.6776315789474,
      460.1697368421053,
      458.66184210526313,
      457.1539473684211,
      455.646052631579,
      454.1381578947368,
      452.6302631578948,
      451.1223684210526,
      449.6144736842105,
      448.10657894736846,
      446.59868421052636,
      445.0907894736842,
      443.5828947368421,
      442.075
    ],
    "VaR_99_bps": [
      0.0,
      0.0,
      0.0,
      0.0,
      0.0,
      0.0,
      0.0,
      0.0,
      0.0,
      0.0,
      0.0,
      0.0,
      0.0,
      0.0,
      0.0,
      0.0,
      0.0,
      0.0,
      0.0,
      0.0
    ]
  }
}