{
  "parameters": {
    "pi": 0.115,
    "kappa": 0.1
  },
  "sweep_results": {
    "mmf_share_pct": [
      0.0,
      1.0,
      2.0,
      3.0,
      4.0,
      5.0,
      6.0,
      7.000000000000001,
      8.0,
      9.0,
      10.0,
      11.0,
      12.0,
      13.0,
      14.000000000000002,
      15.0,
      16.0,
      17.0,
      18.0,
      19.0,
      20.0,
      21.0,
      22.0,
      23.0,
      24.0,
      25.0,
      26.0,
      27.0,
      28.000000000000004,
      28.999999999999996,
      30.0,
      31.0,
      32.0,
      33.0,
      34.0,
      35.0,
      36.0,
      37.0,
      38.0,
      39.0,
      40.0,
      41.0,
      42.0,
      43.0,
      44.0,
      45.0,
      46.0,
      47.0,
      48.0,
      49.0,
      50.0,
      51.0,
      52.0,
      53.0,
      54.0,
      55.00000000000001,
      56.00000000000001,
      57.00000000000001,
      57.99999999999999,
      59.0,
      60.0
    ],
    "tbill_share_pct": [
      100.0,
      99.0,
      98.0,
      97.0,
      96.0,
      95.0,
      94.0,
      93.0,
      92.0,
      91.0,
      90.0,
      89.0,
      88.0,
      87.0,
      86.0,
      85.0,
      84.0,
      83.0,
      82.0,
      81.0,
      80.0,
      79.0,
      78.0,
      77.0,
      76.0,
      75.0,
      74.0,
      73.0,
      72.0,
      71.0,
      70.0,
      69.0,
      68.0,
      67.0,
      65.99999999999999,
      64.99999999999999,
      64.0,
      63.0,
      62.0,
      61.0,
      60.0,
      59.0,
      58.00000000000001,
      57.00000000000001,
      56.00000000000001,
      55.00000000000001,
      54.0,
      53.0,
      52.0,
      51.0,
      50.0,
      49.0,
      48.0,
      47.0,
      46.0,
      44.99999999999999,
      43.99999999999999,
      42.99999999999999,
      42.00000000000001,
      41.0,
      40.0
    ],
    "n_star": [
      100.0,
      100.0,
      100.0,
      100.0,
      100.0,
      100.0,
      100.0,
      100.0,
      100.0,
      100.0,
      100.0,
      100.0,
      0.0,
      0.0,
      0.0,
      0.0,
      0.0,
      0.0,
      0.0,
      0.0,
      0.0,
      0.0,
      0.0,
      0.0,
      0.0,
      0.0,
      0.0,
      0.0,
      0.0,
      0.0,
      0.0,
      0.0,
      0.0,
      0.0,
      0.0,
      0.0,
      0.0,
      0.0,
      0.0,
      0.0,
      0.0,
      0.0,
      0.0,
      0.0,
      0.0,
      0.0,
      0.0,
      0.0,
      0.0,
      0.0,
      0.0,
      0.0,
      0.0,
      0.0,
      0.0,
      0.0,
      0.0,
      0.0,
      0.0,
      0.0,
      0.0
    ],
    "vulnerable": [
      true,
      true,
      true,
      true,
      true,
      true,
      true,
      true,
      true,
      true,
      true,
      true,
      false,
      false,
      false,
      false,
      false,
      false,
      false,
      false,
      false,
      false,
      false,
      false,
      false,
      false,
      false,
      false,
      false,
      false,
      false,
      false,
      false,
      false,
      false,
      false,
      false,
      false,
      false,
      false,
      false,
      false,
      false,
      false,
      false,
      false,
      false,
      false,
      false,
      false,
      false,
      false,
      false,
      false,
      false,
      false,
      false,
      false,
      false,
      false,
      false
    ],
    "loss_bps": [
      10000.0,
      10000.0,
      10000.0,
      10000.0,
      10000.0,
      10000.0,
      10000.0,
      10000.0,
      10000.0,
      10000.0,
      10000.0,
      10000.0,
      0.0,
      0.0,
      0.0,
      0.0,
      0.0,
      0.0,
      0.0,
      0.0,
      0.0,
      0.0,
      0.0,
      0.0,
      0.0,
      0.0,
      0.0,
      0.0,
      0.0,
      0.0,
      0.0,
      0.0,
      0.0,
      0.0,
      0.0,
      0.0,
      0.0,
      0.0,
      0.0,
      0.0,
      0.0,
      0.0,
      0.0,
      0.0,
      0.0,
      0.0,
      0.0,
      0.0,
      0.0,
      0.0,
      0.0,
      0.0,
      0.0,
      0.0,
      0.0,
      0.0,
      0.0,
      0.0,
      0.0,
      0.0,
      0.0
    ],
    "R_star": [
      100.0,
      100.0,
      100.0,
      100.0,
      100.0,
      100.0,
      100.0,
      100.0,
      100.0,
      100.0,
      100.0,
      100.0,
      11.5,
      11.5,
      11.5,
      11.5,
      11.5,
      11.5,
      11.5,
      11.5,
      11.5,
      11.5,
      11.5,
      11.5,
      11.5,
      11.5,
      11.5,
      11.5,
      11.5,
      11.5,
      11.5,
      11.5,
      11.5,
      11.5,
      11.5,
      11.5,
      11.5,
      11.5,
      11.5,
      11.5,
      11.5,
      11.5,
      11.5,
      11.5,
      11.5,
      11.5,
      11.5,
      11.5,
      11.5,
      11.5,
      11.5,
      11.5,
      11.5,
      11.5,
      11.5,
      11.5,
      11.5,
      11.5,
      11.5,
      11.5,
      11.5
    ]
  },
  "gate_evaluation": {
    "gate_passed": true,
    "avg_sensitivity_pp": 50.0,
    "criterion": 0.5,
    "n_at_10pct_mmf": 100.0,
    "n_at_20pct_mmf": 0.0,
    "n_at_30pct_mmf": 0.0,
    "delta_10_to_20": -100.0,
    "delta_20_to_30": 0.0,
    "mmf_cutoff_pct": 11.0,
    "tbill_cutoff_pct": 89.0,
    "interpretation": "Shifting MMF share from 10%\u219220% changes n* by -100.0pp. Gate: PASSED \u2713. Run cutoff at 11% MMFs (89% T-bills)."
  },
  "latex_table": "\\begin{table}[h]\n\\centering\n\\begin{tabular}{rrrrr}\n\\toprule\nMMF Share & T-bill Share & Run Fraction & Loss & Status \\\\\n(\\%) & (\\%) & $n^*$ (\\%) & (bps) & \\\\\n\\midrule\n     5 &     95 &  100.0 & 10000.0 & Vulnerable \\\\\n    10 &     90 &  100.0 & 10000.0 & Vulnerable \\\\\n    15 &     85 &    0.0 &    0.0 & Stable \\\\\n    20 &     80 &    0.0 &    0.0 & Stable \\\\\n    30 &     70 &    0.0 &    0.0 & Stable \\\\\n    40 &     60 &    0.0 &    0.0 & Stable \\\\\n\\bottomrule\n\\end{tabular}\n\\caption{Run equilibrium by reserve composition. Parameters: $\\pi = 11.5\\%$ (SVB peak redemption), $\\kappa = 10\\%$ (moderate impact).}\n\\label{tab:reserve_mix}\n\\end{table}"
}