{
  "threshold_band": {
    "lambda_min": 0.1,
    "lambda_median": 0.1,
    "lambda_max": 0.14545454545454545,
    "lambda_mean": 0.11277777777777777,
    "samples": [
      0.1,
      0.14545454545454545,
      0.12525252525252525,
      0.1101010101010101,
      0.1,
      0.1,
      0.1,
      0.14040404040404042,
      0.1101010101010101,
      0.12525252525252525,
      0.1,
      0.15050505050505053,
      0.13535353535353536,
      0.1,
      0.1,
      0.1,
      0.1,
      0.10505050505050506,
      0.1,
      0.1,
      0.11515151515151516,
      0.1,
      0.1,
      0.1,
      0.1,
      0.1303030303030303,
      0.1,
      0.10505050505050506,
      0.1101010101010101,
      0.1,
      0.11515151515151516,
      0.1,
      0.1,
      0.14545454545454545,
      0.15050505050505053,
      0.13535353535353536,
      0.1,
      0.1,
      0.12020202020202021,
      0.1,
      0.1,
      0.1,
      0.1,
      0.14545454545454545,
      0.1,
      0.12020202020202021,
      0.1,
      0.10505050505050506,
      0.10505050505050506,
      0.1,
      0.15050505050505053,
      0.1303030303030303,
      0.14545454545454545,
      0.14040404040404042,
      0.1101010101010101,
      0.14545454545454545,
      0.1,
      0.1,
      0.1,
      0.1,
      0.1,
      0.1,
      0.13535353535353536,
      0.1,
      0.1,
      0.10505050505050506,
      0.1,
      0.1303030303030303,
      0.1,
      0.15050505050505053,
      0.1303030303030303,
      0.1,
      0.1,
      0.13535353535353536,
      0.12525252525252525,
      0.12525252525252525,
      0.1303030303030303,
      0.1,
      0.1,
      0.1,
      0.14040404040404042,
      0.11515151515151516,
      0.1,
      0.1,
      0.1,
      0.1,
      0.12525252525252525,
      0.11515151515151516,
      0.14040404040404042,
      0.1,
      0.1,
      0.12525252525252525,
      0.1303030303030303,
      0.1101010101010101,
      0.1303030303030303,
      0.1,
      0.10505050505050506,
      0.1,
      0.1,
      0.1
    ]
  },
  "operational_frictions": {
    "scenarios": [
      {
        "description": "Normal (10am)",
        "lambda_nominal": 0.34,
        "effective_lambda": 0.292,
        "stress": false,
        "hour": 10
      },
      {
        "description": "Cutoff passed (4pm)",
        "lambda_nominal": 0.34,
        "effective_lambda": 0.11199999999999999,
        "stress": false,
        "hour": 16
      },
      {
        "description": "Stress + late (4pm)",
        "lambda_nominal": 0.34,
        "effective_lambda": 0.08789999999999999,
        "stress": true,
        "hour": 16
      }
    ]
  },
  "historical_backtest": {
    "episodes": {
      "USDC_SVB_2023": {
        "date": "2023-03-11",
        "lambda_actual": 0.236,
        "pi_observed": 0.115,
        "kappa_estimated": 0.02,
        "outcome": "depeg",
        "predicted_fragile": true,
        "n_star_predicted": 0.0,
        "correct_prediction": true
      },
      "UST_Luna_2022": {
        "date": "2022-05-10",
        "lambda_actual": 0.15,
        "pi_observed": 0.8,
        "kappa_estimated": 0.25,
        "outcome": "collapse",
        "predicted_fragile": true,
        "n_star_predicted": 1.0,
        "correct_prediction": true
      },
      "USDT_baseline_2024": {
        "date": "2024-Q1",
        "lambda_actual": 0.85,
        "pi_observed": 0.02,
        "kappa_estimated": 0.01,
        "outcome": "stable",
        "predicted_fragile": false,
        "n_star_predicted": 0.0,
        "correct_prediction": true
      }
    },
    "accuracy": 1.0,
    "summary": "3/3 episodes correctly classified"
  },
  "sector_upscaling": {
    "2.0x_supply": {
      "supply": 340.0,
      "market_depth": 70.71067811865476,
      "sector_share": 2.884995667241114,
      "kappa": 0.028284271247461898,
      "lambda_threshold": 0.2,
      "threshold_shift_pp": -14.000000000000002
    },
    "3.0x_supply": {
      "supply": 510.0,
      "market_depth": 86.60254037844386,
      "sector_share": 3.53338364744051,
      "kappa": 0.034641016151377546,
      "lambda_threshold": 0.2,
      "threshold_shift_pp": -14.000000000000002
    },
    "5.0x_supply": {
      "supply": 850.0,
      "market_depth": 111.80339887498948,
      "sector_share": 4.561578674099571,
      "kappa": 0.04472135954999579,
      "lambda_threshold": 0.2,
      "threshold_shift_pp": -14.000000000000002
    }
  },
  "residual_tail_risk": {
    "lambda_nominal": 0.34,
    "lambda_effective_stress": 0.08789999999999999,
    "operational_run_prob": 1.0,
    "operational_expected_loss_pct": 2.0,
    "exogenous_annual_prob": 0.038,
    "exogenous_loss_given_event_pct": 15.000000000000002,
    "total_annual_tail_prob": 0.138,
    "total_expected_loss_pct": 0.7700000000000001,
    "VaR_99_bps_residual": 1500.0000000000002,
    "interpretation": "Even with \u03bb=34%, residual tail risk \u2248 13.8% annually"
  }
}